timestamp,open,high,low,close,volume
2026-08-20 15:00:00+00:00,3.654,3.711,3.651,3.697,359649.7
2026-08-20 16:00:00+00:00,3.697,3.768,3.662,3.747,554290.7
2026-08-20 17:00:00+00:00,3.747,3.808,3.728,3.757,826311.9
2026-08-20 18:00:00+00:00,3.757,3.776,3.702,3.708,376151.1
2026-08-20 19:00:00+00:00,3.708,3.722,3.689,3.695,157809.8
2026-08-20 20:00:00+00:00,3.695,3.725,3.692,3.697,145561.0
2026-08-20 21:00:00+00:00,3.697,3.728,3.69,3.713,144871.8
2026-08-20 22:00:00+00:00,3.713,3.726,3.695,3.723,118034.6
2026-08-20 23:00:00+00:00,3.723,3.786,3.722,3.76,303152.6
2026-08-21 00:00:00+00:00,3.76,3.822,3.747,3.821,460268.7
2026-08-21 01:00:00+00:00,3.821,3.882,3.785,3.819,797605.5
2026-08-21 02:00:00+00:00,3.819,3.841,3.785,3.824,329568.2
2026-08-21 03:00:00+00:00,3.824,3.839,3.79,3.817,242098.4
2026-08-21 04:00:00+00:00,3.817,3.853,3.79,3.838,261846.5
2026-08-21 05:00:00+00:00,3.838,3.865,3.807,3.837,374386.5
2026-08-21 06:00:00+00:00,3.837,3.873,3.805,3.87,339197.1
2026-08-21 07:00:00+00:00,3.87,3.948,3.861,3.914,606281.0
2026-08-21 08:00:00+00:00,3.914,4.054,3.914,4.052,772753.3
2026-08-21 09:00:00+00:00,4.052,4.057,3.845,3.945,1680024.1
2026-08-21 10:00:00+00:00,3.945,3.962,3.895,3.924,590349.7
2026-08-21 11:00:00+00:00,3.924,3.95,3.852,3.897,662441.4
2026-08-21 12:00:00+00:00,3.897,3.947,3.881,3.918,386216.1
2026-08-21 13:00:00+00:00,3.918,3.939,3.834,3.92,527906.2
2026-08-21 14:00:00+00:00,3.92,3.973,3.884,3.949,594653.6
2026-08-21 15:00:00+00:00,3.949,4.021,3.948,3.961,679805.9
2026-08-21 16:00:00+00:00,3.961,4.024,3.913,4.004,419900.0
2026-08-21 17:00:00+00:00,4.004,4.023,3.943,3.976,401154.4
2026-08-21 18:00:00+00:00,3.976,3.999,3.911,3.95,333585.0
2026-08-21 19:00:00+00:00,3.95,3.991,3.918,3.963,283599.2
2026-08-21 20:00:00+00:00,3.963,4.026,3.948,4.021,274791.9
2026-08-21 21:00:00+00:00,4.021,4.137,4.015,4.136,509438.0
2026-08-21 22:00:00+00:00,4.136,4.202,4.112,4.17,486753.9
2026-08-21 23:00:00+00:00,4.17,4.203,4.106,4.132,386518.7
2026-08-22 00:00:00+00:00,4.132,4.252,4.096,4.246,642629.4
2026-08-22 01:00:00+00:00,4.246,4.281,4.192,4.265,777184.6
2026-08-22 02:00:00+00:00,4.265,4.376,4.224,4.358,626968.8
2026-08-22 03:00:00+00:00,4.358,4.437,4.347,4.411,698483.0
2026-08-22 04:00:00+00:00,4.411,4.446,4.342,4.421,801162.7
2026-08-22 05:00:00+00:00,4.421,4.433,3.71,4.12,4981117.6
2026-08-22 06:00:00+00:00,4.12,4.187,4.05,4.173,835947.0
2026-08-22 07:00:00+00:00,4.173,4.22,4.154,4.18,467737.4
2026-08-22 08:00:00+00:00,4.18,4.216,4.12,4.164,507614.4
2026-08-22 09:00:00+00:00,4.164,4.219,4.101,4.175,524648.0
2026-08-22 10:00:00+00:00,4.175,4.178,4.035,4.086,974191.9
2026-08-22 11:00:00+00:00,4.086,4.153,4.048,4.137,330553.9
2026-08-22 12:00:00+00:00,4.137,4.286,4.125,4.251,495325.3
2026-08-22 13:00:00+00:00,4.251,4.313,4.188,4.299,638900.5
2026-08-22 14:00:00+00:00,4.299,4.324,4.192,4.23,774627.2
2026-08-22 15:00:00+00:00,4.23,4.247,4.163,4.18,472271.6
2026-08-22 16:00:00+00:00,4.18,4.31,4.161,4.273,460121.0
2026-08-22 17:00:00+00:00,4.273,4.302,4.243,4.269,379048.2
2026-08-22 18:00:00+00:00,4.269,4.279,4.221,4.249,232423.8
2026-08-22 19:00:00+00:00,4.249,4.32,4.239,4.307,237019.7
2026-08-22 20:00:00+00:00,4.307,4.379,4.285,4.367,412094.4
2026-08-22 21:00:00+00:00,4.367,4.371,4.245,4.273,429288.0
2026-08-22 22:00:00+00:00,4.273,4.355,4.262,4.286,273027.7
2026-08-22 23:00:00+00:00,4.286,4.326,4.228,4.295,438365.1
2026-08-23 00:00:00+00:00,4.295,4.374,4.29,4.341,453488.4
2026-08-23 01:00:00+00:00,4.341,4.341,4.259,4.267,254804.5
2026-08-23 02:00:00+00:00,4.267,4.272,4.19,4.227,360710.9
2026-08-23 03:00:00+00:00,4.227,4.234,4.102,4.137,602633.2
2026-08-23 04:00:00+00:00,4.137,4.167,4.035,4.053,581947.9
2026-08-23 05:00:00+00:00,4.053,4.097,4.009,4.046,387852.4
2026-08-23 06:00:00+00:00,4.046,4.139,4.031,4.087,410405.4
2026-08-23 07:00:00+00:00,4.087,4.122,4.074,4.095,265640.6
2026-08-23 08:00:00+00:00,4.095,4.164,4.089,4.141,379483.5
2026-08-23 09:00:00+00:00,4.141,4.213,4.133,4.201,306557.2
2026-08-23 10:00:00+00:00,4.201,4.253,4.195,4.229,280359.9
2026-08-23 11:00:00+00:00,4.229,4.349,4.216,4.319,454598.4
2026-08-23 12:00:00+00:00,4.319,4.399,4.285,4.37,682036.0
2026-08-23 13:00:00+00:00,4.37,4.664,4.366,4.59,1830535.4
2026-08-23 14:00:00+00:00,4.59,4.64,4.332,4.504,1790242.2
2026-08-23 15:00:00+00:00,4.504,4.596,4.441,4.558,802529.1
2026-08-23 16:00:00+00:00,4.558,4.588,4.514,4.545,516235.1
2026-08-23 17:00:00+00:00,4.545,4.605,4.503,4.547,407223.1
2026-08-23 18:00:00+00:00,4.547,4.607,4.544,4.589,338169.7
2026-08-23 19:00:00+00:00,4.589,4.605,4.542,4.552,299614.0
2026-08-23 20:00:00+00:00,4.552,4.581,4.523,4.57,186927.9
2026-08-23 21:00:00+00:00,4.57,4.713,4.568,4.654,905280.3
2026-08-23 22:00:00+00:00,4.654,4.669,4.53,4.557,399701.0
2026-08-23 23:00:00+00:00,4.557,4.565,4.507,4.522,374125.4
2026-08-24 00:00:00+00:00,4.522,4.531,4.457,4.496,715261.3
2026-08-24 01:00:00+00:00,4.496,4.501,4.374,4.386,580487.2
2026-08-24 02:00:00+00:00,4.386,4.499,4.369,4.489,323232.2
2026-08-24 03:00:00+00:00,4.489,4.493,4.4,4.416,245193.6
2026-08-24 04:00:00+00:00,4.416,4.537,4.414,4.471,400174.8
2026-08-24 05:00:00+00:00,4.471,4.509,4.436,4.487,351147.3
2026-08-24 06:00:00+00:00,4.487,4.501,4.387,4.428,373065.5
2026-08-24 07:00:00+00:00,4.428,4.466,4.352,4.386,464023.3
2026-08-24 08:00:00+00:00,4.386,4.393,4.311,4.324,459610.6
2026-08-24 09:00:00+00:00,4.324,4.374,4.317,4.357,246968.9
2026-08-24 10:00:00+00:00,4.357,4.382,4.264,4.277,464778.9
2026-08-24 11:00:00+00:00,4.277,4.388,4.245,4.365,513119.8
2026-08-24 12:00:00+00:00,4.365,4.452,4.303,4.438,741169.5
2026-08-24 13:00:00+00:00,4.438,4.442,4.273,4.309,972863.6
2026-08-24 14:00:00+00:00,4.309,4.418,4.305,4.379,518582.6
2026-08-24 15:00:00+00:00,4.379,4.43,4.295,4.312,368602.4
2026-08-24 16:00:00+00:00,4.312,4.371,4.302,4.325,282861.6
2026-08-24 17:00:00+00:00,4.325,4.325,4.23,4.28,411755.1
2026-08-24 18:00:00+00:00,4.28,4.316,4.254,4.26,170590.8
2026-08-24 19:00:00+00:00,4.26,4.282,4.235,4.264,203893.1
2026-08-24 20:00:00+00:00,4.264,4.295,4.239,4.294,134306.9
2026-08-24 21:00:00+00:00,4.294,4.315,4.288,4.305,107921.8
2026-08-24 22:00:00+00:00,4.305,4.316,4.277,4.28,56760.6
2026-08-24 23:00:00+00:00,4.28,4.332,4.263,4.327,128717.0
2026-08-25 00:00:00+00:00,4.327,4.363,4.279,4.343,273376.1
2026-08-25 01:00:00+00:00,4.343,4.38,4.323,4.373,191664.5
2026-08-25 02:00:00+00:00,4.373,4.466,4.354,4.391,550957.4
2026-08-25 03:00:00+00:00,4.391,4.423,4.35,4.363,213170.9
2026-08-25 04:00:00+00:00,4.363,4.411,4.347,4.401,199237.6
2026-08-25 05:00:00+00:00,4.401,4.443,4.396,4.403,158766.2
2026-08-25 06:00:00+00:00,4.403,4.408,4.343,4.36,246395.6
2026-08-25 07:00:00+00:00,4.36,4.422,4.28,4.309,539117.8
2026-08-25 08:00:00+00:00,4.309,4.393,4.3,4.382,184976.5
2026-08-25 09:00:00+00:00,4.382,4.413,4.323,4.34,305023.2
2026-08-25 10:00:00+00:00,4.34,4.387,4.322,4.359,151905.0
2026-08-25 11:00:00+00:00,4.359,4.411,4.344,4.38,184269.7
2026-08-25 12:00:00+00:00,4.38,4.408,4.326,4.393,416827.4
2026-08-25 13:00:00+00:00,4.393,4.43,4.322,4.374,631972.9
2026-08-25 14:00:00+00:00,4.374,4.443,4.338,4.382,586472.7
2026-08-25 15:00:00+00:00,4.382,4.409,4.337,4.4,461310.3
2026-08-25 16:00:00+00:00,4.4,4.4,4.303,4.352,666398.6
2026-08-25 17:00:00+00:00,4.352,4.353,4.293,4.325,386787.7
2026-08-25 18:00:00+00:00,4.325,4.347,4.311,4.321,202408.3
2026-08-25 19:00:00+00:00,4.321,4.342,4.284,4.311,125737.1
2026-08-25 20:00:00+00:00,4.311,4.318,4.196,4.205,483473.5
2026-08-25 21:00:00+00:00,4.205,4.258,4.164,4.25,366365.2
2026-08-25 22:00:00+00:00,4.25,4.292,4.25,4.283,119081.5
2026-08-25 23:00:00+00:00,4.283,4.307,4.244,4.266,140121.2
2026-08-26 00:00:00+00:00,4.266,4.313,4.236,4.289,156116.6
2026-08-26 01:00:00+00:00,4.289,4.34,4.287,4.311,159690.7
2026-08-26 02:00:00+00:00,4.311,4.328,4.276,4.328,103126.0
2026-08-26 03:00:00+00:00,4.328,4.332,4.276,4.285,94150.0
2026-08-26 04:00:00+00:00,4.285,4.299,4.258,4.259,94799.3
2026-08-26 05:00:00+00:00,4.259,4.316,4.241,4.292,167993.0
2026-08-26 06:00:00+00:00,4.292,4.298,4.241,4.266,117376.0
2026-08-26 07:00:00+00:00,4.266,4.292,4.255,4.261,159608.6
2026-08-26 08:00:00+00:00,4.261,4.316,4.246,4.268,305666.6
2026-08-26 09:00:00+00:00,4.268,4.275,4.21,4.237,173462.0
2026-08-26 10:00:00+00:00,4.237,4.332,4.223,4.302,244886.2
2026-08-26 11:00:00+00:00,4.302,4.321,4.255,4.277,267919.0
2026-08-26 12:00:00+00:00,4.277,4.353,4.272,4.287,357319.5
2026-08-26 13:00:00+00:00,4.287,4.3,4.241,4.272,232155.2
2026-08-26 14:00:00+00:00,4.272,4.283,4.168,4.174,299482.5
2026-08-26 15:00:00+00:00,4.174,4.232,4.158,4.214,247337.9
2026-08-26 16:00:00+00:00,4.214,4.233,4.142,4.199,316495.6
2026-08-26 17:00:00+00:00,4.199,4.259,4.199,4.227,142870.5
2026-08-26 18:00:00+00:00,4.227,4.247,4.219,4.241,69153.5
2026-08-26 19:00:00+00:00,4.241,4.289,4.239,4.258,120951.5
2026-08-26 20:00:00+00:00,4.258,4.273,4.218,4.272,67785.5
2026-08-26 21:00:00+00:00,4.272,4.361,4.265,4.352,288818.9
2026-08-26 22:00:00+00:00,4.352,4.395,4.345,4.366,291146.7
2026-08-26 23:00:00+00:00,4.366,4.403,4.361,4.378,191435.0
2026-08-27 00:00:00+00:00,4.378,4.394,4.338,4.35,159643.6
2026-08-27 01:00:00+00:00,4.35,4.417,4.313,4.381,310438.3
2026-08-27 02:00:00+00:00,4.381,4.487,4.38,4.4,408107.6
2026-08-27 03:00:00+00:00,4.4,4.408,4.362,4.386,186342.0
2026-08-27 04:00:00+00:00,4.386,4.413,4.352,4.367,143175.5
2026-08-27 05:00:00+00:00,4.367,4.376,4.328,4.374,131567.9
2026-08-27 06:00:00+00:00,4.374,4.392,4.339,4.383,108873.7
2026-08-27 07:00:00+00:00,4.383,4.404,4.358,4.376,121363.2
2026-08-27 08:00:00+00:00,4.376,4.474,4.372,4.448,425278.7
2026-08-27 09:00:00+00:00,4.448,4.507,4.431,4.462,396785.5
2026-08-27 10:00:00+00:00,4.462,4.489,4.399,4.444,334955.8
2026-08-27 11:00:00+00:00,4.444,4.482,4.416,4.452,168850.6
2026-08-27 12:00:00+00:00,4.452,4.477,4.439,4.465,211966.3
2026-08-27 13:00:00+00:00,4.465,4.545,4.465,4.521,565517.2
2026-08-27 14:00:00+00:00,4.521,4.559,4.475,4.502,374305.1
2026-08-27 15:00:00+00:00,4.502,4.538,4.482,4.515,204774.5
2026-08-27 16:00:00+00:00,4.515,4.598,4.486,4.555,387180.6
2026-08-27 17:00:00+00:00,4.555,4.632,4.544,4.607,293694.4
2026-08-27 18:00:00+00:00,4.607,4.625,4.546,4.613,374601.9
2026-08-27 19:00:00+00:00,4.613,4.629,4.578,4.588,346869.1
2026-08-27 20:00:00+00:00,4.588,4.621,4.554,4.619,150217.1
2026-08-27 21:00:00+00:00,4.619,4.649,4.609,4.622,294343.3
2026-08-27 22:00:00+00:00,4.622,4.719,4.622,4.679,425851.6
2026-08-27 23:00:00+00:00,4.679,4.683,4.64,4.68,245239.5
2026-08-28 00:00:00+00:00,4.68,4.754,4.657,4.719,312882.8
2026-08-28 01:00:00+00:00,4.719,4.841,4.704,4.713,730791.6
2026-08-28 02:00:00+00:00,4.713,4.717,4.57,4.625,613528.8
2026-08-28 03:00:00+00:00,4.625,4.694,4.602,4.675,246605.6
2026-08-28 04:00:00+00:00,4.675,4.701,4.623,4.668,281164.7
2026-08-28 05:00:00+00:00,4.668,4.672,4.591,4.628,286615.1
2026-08-28 06:00:00+00:00,4.628,4.683,4.628,4.654,154674.8
2026-08-28 07:00:00+00:00,4.654,4.662,4.572,4.596,288410.6
2026-08-28 08:00:00+00:00,4.596,4.651,4.585,4.601,180730.9
2026-08-28 09:00:00+00:00,4.601,4.616,4.553,4.571,288782.5
2026-08-28 10:00:00+00:00,4.571,4.591,4.53,4.588,263008.4
2026-08-28 11:00:00+00:00,4.588,4.638,4.587,4.635,162353.0
2026-08-28 12:00:00+00:00,4.635,4.644,4.565,4.577,221528.8
2026-08-28 13:00:00+00:00,4.577,4.611,4.56,4.576,170706.6
2026-08-28 14:00:00+00:00,4.576,4.635,4.457,4.605,754856.7
2026-08-28 15:00:00+00:00,4.605,4.625,4.477,4.478,322342.1
2026-08-28 16:00:00+00:00,4.478,4.485,4.355,4.441,841384.2
2026-08-28 17:00:00+00:00,4.441,4.464,4.414,4.418,206319.5
2026-08-28 18:00:00+00:00,4.418,4.424,4.343,4.373,302274.4
2026-08-28 19:00:00+00:00,4.373,4.412,4.373,4.391,113084.4
2026-08-28 20:00:00+00:00,4.391,4.404,4.374,4.392,86648.5
2026-08-28 21:00:00+00:00,4.392,4.404,4.353,4.36,91367.4
2026-08-28 22:00:00+00:00,4.36,4.427,4.36,4.423,114395.5
2026-08-28 23:00:00+00:00,4.423,4.444,4.417,4.432,135912.5
2026-08-29 00:00:00+00:00,4.432,4.455,4.418,4.418,136200.1
2026-08-29 01:00:00+00:00,4.418,4.441,4.408,4.433,67738.6
2026-08-29 02:00:00+00:00,4.433,4.436,4.377,4.398,153612.2
2026-08-29 03:00:00+00:00,4.398,4.411,4.374,4.375,41791.9
2026-08-29 04:00:00+00:00,4.375,4.4,4.37,4.396,80218.3
2026-08-29 05:00:00+00:00,4.396,4.464,4.394,4.431,198313.5
2026-08-29 06:00:00+00:00,4.431,4.436,4.384,4.405,245603.2
2026-08-29 07:00:00+00:00,4.405,4.427,4.381,4.391,87539.7
2026-08-29 08:00:00+00:00,4.391,4.391,4.345,4.354,143180.7
2026-08-29 09:00:00+00:00,4.354,4.382,4.353,4.357,128110.2
2026-08-29 10:00:00+00:00,4.357,4.39,4.349,4.376,64715.5
2026-08-29 11:00:00+00:00,4.376,4.391,4.373,4.382,73299.7
2026-08-29 12:00:00+00:00,4.382,4.399,4.375,4.396,65473.1
2026-08-29 13:00:00+00:00,4.396,4.41,4.382,4.404,37975.1
2026-08-29 14:00:00+00:00,4.404,4.509,4.403,4.501,363226.6
2026-08-29 15:00:00+00:00,4.501,4.514,4.468,4.484,234017.0
2026-08-29 16:00:00+00:00,4.484,4.645,4.476,4.634,575044.8
2026-08-29 17:00:00+00:00,4.634,4.647,4.584,4.613,342104.9
2026-08-29 18:00:00+00:00,4.613,4.707,4.611,4.659,493116.8
2026-08-29 19:00:00+00:00,4.659,4.677,4.623,4.641,281801.9
2026-08-29 20:00:00+00:00,4.641,4.683,4.633,4.658,183900.9
2026-08-29 21:00:00+00:00,4.658,4.696,4.641,4.646,141480.5
2026-08-29 22:00:00+00:00,4.646,4.696,4.628,4.68,234123.0
2026-08-29 23:00:00+00:00,4.68,4.706,4.638,4.677,509787.2
2026-08-30 00:00:00+00:00,4.677,4.689,4.648,4.648,192900.7
2026-08-30 01:00:00+00:00,4.648,4.706,4.636,4.705,217937.6
2026-08-30 02:00:00+00:00,4.705,4.887,4.682,4.871,1119439.3
2026-08-30 03:00:00+00:00,4.871,4.93,4.834,4.902,1075143.7
2026-08-30 04:00:00+00:00,4.902,4.904,4.841,4.859,396356.1
2026-08-30 05:00:00+00:00,4.859,4.921,4.848,4.887,500002.0
2026-08-30 06:00:00+00:00,4.887,4.977,4.864,4.942,591361.6
2026-08-30 07:00:00+00:00,4.942,4.963,4.856,4.884,721970.1
2026-08-30 08:00:00+00:00,4.884,4.913,4.812,4.832,453870.7
2026-08-30 09:00:00+00:00,4.832,4.839,4.783,4.81,345810.2
2026-08-30 10:00:00+00:00,4.81,4.954,4.8,4.949,552122.8
2026-08-30 11:00:00+00:00,4.949,5.112,4.949,5.101,1427729.9
2026-08-30 12:00:00+00:00,5.101,5.245,5.091,5.231,1375570.0
2026-08-30 13:00:00+00:00,5.231,5.32,5.217,5.228,1021891.9
2026-08-30 14:00:00+00:00,5.228,5.262,5.137,5.187,874748.2
2026-08-30 15:00:00+00:00,5.187,5.189,5.127,5.16,414368.8
2026-08-30 16:00:00+00:00,5.16,5.395,5.158,5.374,1189594.8
2026-08-30 17:00:00+00:00,5.374,5.491,5.285,5.433,1332560.4
2026-08-30 18:00:00+00:00,5.433,5.463,5.38,5.44,545590.5
2026-08-30 19:00:00+00:00,5.44,5.44,5.289,5.332,696737.8
2026-08-30 20:00:00+00:00,5.332,5.37,5.253,5.28,491448.7
2026-08-30 21:00:00+00:00,5.28,5.306,5.228,5.27,378782.4
2026-08-30 22:00:00+00:00,5.27,5.332,5.235,5.248,347101.5
2026-08-30 23:00:00+00:00,5.248,5.248,5.052,5.127,1231889.9
2026-08-31 00:00:00+00:00,5.127,5.246,5.088,5.145,775051.5
2026-08-31 01:00:00+00:00,5.145,5.177,5.081,5.103,483028.9
2026-08-31 02:00:00+00:00,5.103,5.182,4.978,5.028,865676.4
2026-08-31 03:00:00+00:00,5.028,5.067,5.007,5.036,403865.5
2026-08-31 04:00:00+00:00,5.036,5.04,4.971,5.026,308185.7
2026-08-31 05:00:00+00:00,5.026,5.184,5.022,5.121,729421.2
2026-08-31 06:00:00+00:00,5.121,5.153,5.096,5.138,292764.6
2026-08-31 07:00:00+00:00,5.138,5.177,5.118,5.156,324627.8
2026-08-31 08:00:00+00:00,5.156,5.183,5.114,5.151,278312.5
2026-08-31 09:00:00+00:00,5.151,5.195,5.13,5.162,285267.0
2026-08-31 10:00:00+00:00,5.162,5.192,5.068,5.143,629090.8
2026-08-31 11:00:00+00:00,5.143,5.146,5.083,5.121,282257.8
2026-08-31 12:00:00+00:00,5.121,5.143,5.046,5.078,422393.6
2026-08-31 13:00:00+00:00,5.078,5.129,5.034,5.06,408138.7
2026-08-31 14:00:00+00:00,5.06,5.257,5.058,5.193,877205.2
2026-08-31 15:00:00+00:00,5.193,5.235,5.142,5.163,484007.2
2026-08-31 16:00:00+00:00,5.163,5.177,5.102,5.124,315601.9
2026-08-31 17:00:00+00:00,5.124,5.221,5.114,5.201,254941.1
2026-08-31 18:00:00+00:00,5.201,5.232,5.174,5.214,268446.4
2026-08-31 19:00:00+00:00,5.214,5.249,5.195,5.205,220854.6
2026-08-31 20:00:00+00:00,5.205,5.247,5.185,5.207,196426.2
2026-08-31 21:00:00+00:00,5.207,5.289,5.176,5.251,322431.1
2026-08-31 22:00:00+00:00,5.251,5.258,5.201,5.224,196534.5
2026-08-31 23:00:00+00:00,5.224,5.237,5.182,5.226,221217.7
2026-09-01 00:00:00+00:00,5.226,5.401,5.216,5.245,1180743.3
2026-09-01 01:00:00+00:00,5.245,5.332,5.217,5.265,358248.1
2026-09-01 02:00:00+00:00,5.265,5.265,5.19,5.218,279668.8
2026-09-01 03:00:00+00:00,5.218,5.437,5.213,5.362,745811.0
2026-09-01 04:00:00+00:00,5.362,5.407,5.339,5.37,377381.8
2026-09-01 05:00:00+00:00,5.37,5.6,5.36,5.586,894181.6
2026-09-01 06:00:00+00:00,5.586,5.916,5.569,5.736,1875315.5
2026-09-01 07:00:00+00:00,5.736,5.822,5.735,5.802,703627.6
2026-09-01 08:00:00+00:00,5.802,5.833,5.641,5.692,1459813.0
2026-09-01 09:00:00+00:00,5.692,5.722,5.635,5.677,592223.2
2026-09-01 10:00:00+00:00,5.677,5.764,5.622,5.73,579968.1
2026-09-01 11:00:00+00:00,5.73,5.959,5.699,5.891,1362948.1
2026-09-01 12:00:00+00:00,5.891,5.94,5.719,5.728,1144677.5
2026-09-01 13:00:00+00:00,5.728,5.77,5.643,5.689,753329.8
2026-09-01 14:00:00+00:00,5.689,5.705,5.664,5.699,47719.6
